{
  "components/PageWrapper.tsx -> @/page-components/About": {
    "id": 38001,
    "files": [
      "static/chunks/6599-14ac0862ad242722.js",
      "static/chunks/3004.2527679d067b5bb6.js",
      "static/chunks/6539.aeeda3ecc63fb59e.js",
      "static/chunks/2935.2dbc3456e170c948.js",
      "static/chunks/8001.e3394f6c8f455cff.js"
    ]
  },
  "components/PageWrapper.tsx -> @/page-components/Accounting": {
    "id": 90573,
    "files": [
      "static/chunks/6599-14ac0862ad242722.js",
      "static/chunks/3004.2527679d067b5bb6.js",
      "static/chunks/6539.aeeda3ecc63fb59e.js",
      "static/chunks/6159.55da2d4413934237.js",
      "static/chunks/423.4c68535f1578d8f6.js",
      "static/chunks/9631.81cf39c545cf2cd8.js",
      "static/chunks/2935.2dbc3456e170c948.js",
      "static/chunks/7945.4775734478fdd806.js",
      "static/chunks/4733.df0d3af8f25b621c.js",
      "static/chunks/6193.70086efc00cc2112.js",
      "static/chunks/573.ab4490bd55cb1915.js"
    ]
  },
  "components/PageWrapper.tsx -> @/page-components/Blog": {
    "id": 5518,
    "files": [
      "static/chunks/6599-14ac0862ad242722.js",
      "static/chunks/3004.2527679d067b5bb6.js",
      "static/chunks/6539.aeeda3ecc63fb59e.js",
      "static/chunks/6159.55da2d4413934237.js",
      "static/chunks/1084.eed0f7458b23f9b9.js",
      "static/chunks/5852.e3589d88b2bd5a77.js",
      "static/chunks/2935.2dbc3456e170c948.js",
      "static/chunks/7945.4775734478fdd806.js",
      "static/chunks/5518.89e9a5f6ee74d37b.js"
    ]
  },
  "components/PageWrapper.tsx -> @/page-components/Compliance": {
    "id": 73339,
    "files": [
      "static/chunks/6599-14ac0862ad242722.js",
      "static/chunks/3004.2527679d067b5bb6.js",
      "static/chunks/6539.aeeda3ecc63fb59e.js",
      "static/chunks/2935.2dbc3456e170c948.js",
      "static/chunks/5525.02500cfbafd65212.js",
      "static/chunks/3339.04b05de1c2996f84.js"
    ]
  },
  "components/PageWrapper.tsx -> @/page-components/Consultants": {
    "id": 29200,
    "files": [
      "static/chunks/6599-14ac0862ad242722.js",
      "static/chunks/3004.2527679d067b5bb6.js",
      "static/chunks/6539.aeeda3ecc63fb59e.js",
      "static/chunks/2935.2dbc3456e170c948.js",
      "static/chunks/5525.02500cfbafd65212.js",
      "static/chunks/9200.6013ce3c142a4ce1.js"
    ]
  },
  "components/PageWrapper.tsx -> @/page-components/Contact": {
    "id": 75696,
    "files": [
      "static/chunks/6599-14ac0862ad242722.js",
      "static/chunks/3004.2527679d067b5bb6.js",
      "static/chunks/6539.aeeda3ecc63fb59e.js",
      "static/chunks/2935.2dbc3456e170c948.js",
      "static/chunks/5696.c9f0eadbb2c160f5.js"
    ]
  },
  "components/PageWrapper.tsx -> @/page-components/Contractors": {
    "id": 50354,
    "files": [
      "static/chunks/6599-14ac0862ad242722.js",
      "static/chunks/3004.2527679d067b5bb6.js",
      "static/chunks/6539.aeeda3ecc63fb59e.js",
      "static/chunks/2935.2dbc3456e170c948.js",
      "static/chunks/5525.02500cfbafd65212.js",
      "static/chunks/354.e6843618ee8bcfa7.js"
    ]
  },
  "components/PageWrapper.tsx -> @/page-components/CookiePolicy": {
    "id": 91766,
    "files": [
      "static/chunks/6599-14ac0862ad242722.js",
      "static/chunks/3004.2527679d067b5bb6.js",
      "static/chunks/6539.aeeda3ecc63fb59e.js",
      "static/chunks/2935.2dbc3456e170c948.js",
      "static/chunks/1766.3b6c33b44d85d9ef.js"
    ]
  },
  "components/PageWrapper.tsx -> @/page-components/Developer": {
    "id": 34396,
    "files": [
      "static/chunks/6599-14ac0862ad242722.js",
      "static/chunks/3004.2527679d067b5bb6.js",
      "static/chunks/6539.aeeda3ecc63fb59e.js",
      "static/chunks/2935.2dbc3456e170c948.js",
      "static/chunks/5525.02500cfbafd65212.js",
      "static/chunks/4396.34b1d643596d9633.js"
    ]
  },
  "components/PageWrapper.tsx -> @/page-components/Estimates": {
    "id": 55311,
    "files": [
      "static/chunks/6599-14ac0862ad242722.js",
      "static/chunks/3004.2527679d067b5bb6.js",
      "static/chunks/6539.aeeda3ecc63fb59e.js",
      "static/chunks/6159.55da2d4413934237.js",
      "static/chunks/423.4c68535f1578d8f6.js",
      "static/chunks/2438.eab9e205e9e635f2.js",
      "static/chunks/2935.2dbc3456e170c948.js",
      "static/chunks/7945.4775734478fdd806.js",
      "static/chunks/4733.df0d3af8f25b621c.js",
      "static/chunks/6193.70086efc00cc2112.js",
      "static/chunks/5311.540ceb15329eda98.js"
    ]
  },
  "components/PageWrapper.tsx -> @/page-components/Expenses": {
    "id": 54993,
    "files": [
      "static/chunks/6599-14ac0862ad242722.js",
      "static/chunks/3004.2527679d067b5bb6.js",
      "static/chunks/6539.aeeda3ecc63fb59e.js",
      "static/chunks/6159.55da2d4413934237.js",
      "static/chunks/423.4c68535f1578d8f6.js",
      "static/chunks/9956.42c1132a0cc44fc9.js",
      "static/chunks/2935.2dbc3456e170c948.js",
      "static/chunks/7945.4775734478fdd806.js",
      "static/chunks/4733.df0d3af8f25b621c.js",
      "static/chunks/6193.70086efc00cc2112.js",
      "static/chunks/4993.3d0250524e3c1d97.js"
    ]
  },
  "components/PageWrapper.tsx -> @/page-components/Explore": {
    "id": 92676,
    "files": [
      "static/chunks/6599-14ac0862ad242722.js",
      "static/chunks/3004.2527679d067b5bb6.js",
      "static/chunks/6539.aeeda3ecc63fb59e.js",
      "static/chunks/6159.55da2d4413934237.js",
      "static/chunks/1084.eed0f7458b23f9b9.js",
      "static/chunks/1339.d19a460dc18c0918.js",
      "static/chunks/2935.2dbc3456e170c948.js",
      "static/chunks/7945.4775734478fdd806.js",
      "static/chunks/2676.297599fb040bd619.js"
    ]
  },
  "components/PageWrapper.tsx -> @/page-components/FreeInvoiceGenerator": {
    "id": 58364,
    "files": [
      "static/chunks/6599-14ac0862ad242722.js",
      "static/chunks/3004.2527679d067b5bb6.js",
      "static/chunks/6539.aeeda3ecc63fb59e.js",
      "static/chunks/2935.2dbc3456e170c948.js",
      "static/chunks/5525.02500cfbafd65212.js",
      "static/chunks/8364.d7765737c00098e1.js"
    ]
  },
  "components/PageWrapper.tsx -> @/page-components/Freelancers": {
    "id": 38264,
    "files": [
      "static/chunks/6599-14ac0862ad242722.js",
      "static/chunks/3004.2527679d067b5bb6.js",
      "static/chunks/6539.aeeda3ecc63fb59e.js",
      "static/chunks/2935.2dbc3456e170c948.js",
      "static/chunks/5525.02500cfbafd65212.js",
      "static/chunks/8264.03ef41a13c1361fb.js"
    ]
  },
  "components/PageWrapper.tsx -> @/page-components/Glossary": {
    "id": 55583,
    "files": [
      "static/chunks/6599-14ac0862ad242722.js",
      "static/chunks/3004.2527679d067b5bb6.js",
      "static/chunks/6539.aeeda3ecc63fb59e.js",
      "static/chunks/2935.2dbc3456e170c948.js",
      "static/chunks/7945.4775734478fdd806.js",
      "static/chunks/5583.a555afc1e26d6d77.js"
    ]
  },
  "components/PageWrapper.tsx -> @/page-components/Index": {
    "id": 81185,
    "files": [
      "static/chunks/6599-14ac0862ad242722.js",
      "static/chunks/3004.2527679d067b5bb6.js",
      "static/chunks/6539.aeeda3ecc63fb59e.js",
      "static/chunks/6159.55da2d4413934237.js",
      "static/chunks/423.4c68535f1578d8f6.js",
      "static/chunks/2935.2dbc3456e170c948.js",
      "static/chunks/7945.4775734478fdd806.js",
      "static/chunks/4733.df0d3af8f25b621c.js",
      "static/chunks/1185.4e517f1c41c8535f.js"
    ]
  },
  "components/PageWrapper.tsx -> @/page-components/Invoicing": {
    "id": 19274,
    "files": [
      "static/chunks/6599-14ac0862ad242722.js",
      "static/chunks/3004.2527679d067b5bb6.js",
      "static/chunks/6539.aeeda3ecc63fb59e.js",
      "static/chunks/6159.55da2d4413934237.js",
      "static/chunks/423.4c68535f1578d8f6.js",
      "static/chunks/7115.db3ed9324496f036.js",
      "static/chunks/2935.2dbc3456e170c948.js",
      "static/chunks/7945.4775734478fdd806.js",
      "static/chunks/4733.df0d3af8f25b621c.js",
      "static/chunks/6193.70086efc00cc2112.js",
      "static/chunks/9274.8cdf50cd05d0b8bd.js"
    ]
  },